txn_id,account,amount_usd,category,posted_at
T00000,OPERATING,52994.0,FEE,2026-09-09T01:42:59.099688+00:00
T00001,CAPITAL,-34853.36,AR,2026-09-01T01:42:59.099688+00:00
T00002,PAYROLL,21978.88,FEE,2026-08-18T01:42:59.099688+00:00
T00003,OPERATING,112905.3,FEE,2026-08-30T01:42:59.099688+00:00
T00004,CAPITAL,64250.07,AP,2026-09-07T01:42:59.099688+00:00
T00005,CAPITAL,-14387.47,FEE,2026-08-22T01:42:59.099688+00:00
T00006,PAYROLL,-12315.25,TRANSFER,2026-09-18T01:42:59.099688+00:00
T00007,OPERATING,112206.7,AR,2026-09-14T01:42:59.099688+00:00
T00008,CAPITAL,61534.85,AR,2026-08-26T01:42:59.099688+00:00
T00009,PAYROLL,-49955.03,FEE,2026-09-18T01:42:59.099688+00:00
T00010,CAPITAL,79415.64,AR,2026-08-20T01:42:59.099688+00:00
T00011,PAYROLL,23133.15,AP,2026-09-21T01:42:59.099688+00:00
T00012,OPERATING,-18189.01,FEE,2026-09-19T01:42:59.099688+00:00
T00013,CAPITAL,34559.39,TRANSFER,2026-09-05T01:42:59.099688+00:00
T00014,PAYROLL,-15491.54,AR,2026-08-25T01:42:59.099688+00:00
T00015,OPERATING,59052.97,AR,2026-09-17T01:42:59.099688+00:00
T00016,OPERATING,-17252.23,AP,2026-08-31T01:42:59.099688+00:00
T00017,CAPITAL,70990.2,AR,2026-09-03T01:42:59.099688+00:00
T00018,CAPITAL,89046.99,AR,2026-08-20T01:42:59.099688+00:00
T00019,OPERATING,57622.11,AP,2026-09-29T01:42:59.099688+00:00
T00020,OPERATING,115335.01,TRANSFER,2026-09-03T01:42:59.099688+00:00
T00021,CAPITAL,-36954.5,AR,2026-09-03T01:42:59.099688+00:00
T00022,CAPITAL,106348.28,AR,2026-09-19T01:42:59.099688+00:00
T00023,OPERATING,-47980.94,TRANSFER,2026-09-25T01:42:59.099688+00:00
T00024,OPERATING,100009.21,AR,2026-08-30T01:42:59.099688+00:00
T00025,PAYROLL,62601.97,TRANSFER,2026-09-28T01:42:59.099688+00:00
T00026,PAYROLL,14726.31,AP,2026-08-25T01:42:59.099688+00:00
T00027,PAYROLL,77755.25,AR,2026-09-04T01:42:59.099688+00:00
T00028,OPERATING,-19487.63,AR,2026-09-11T01:42:59.099688+00:00
T00029,PAYROLL,-6501.81,AP,2026-08-26T01:42:59.099688+00:00
T00030,PAYROLL,86705.1,FEE,2026-08-25T01:42:59.099688+00:00
T00031,OPERATING,83825.89,TRANSFER,2026-09-29T01:42:59.099688+00:00
T00032,CAPITAL,69134.97,AP,2026-09-14T01:42:59.099688+00:00
T00033,OPERATING,90608.13,AR,2026-08-30T01:42:59.099688+00:00
T00034,PAYROLL,52103.22,TRANSFER,2026-09-20T01:42:59.099688+00:00
T00035,CAPITAL,91468.93,AR,2026-09-28T01:42:59.099688+00:00
T00036,CAPITAL,23316.53,FEE,2026-09-01T01:42:59.099688+00:00
T00037,OPERATING,97801.7,AP,2026-08-19T01:42:59.099688+00:00
T00038,PAYROLL,72372.51,FEE,2026-08-28T01:42:59.099688+00:00
T00039,OPERATING,-2982.14,TRANSFER,2026-08-24T01:42:59.099688+00:00
T00040,OPERATING,-2279.4,FEE,2026-09-02T01:42:59.099688+00:00
T00041,CAPITAL,-30787.68,AP,2026-08-27T01:42:59.099688+00:00
T00042,CAPITAL,-36842.74,AR,2026-09-25T01:42:59.099688+00:00
T00043,OPERATING,46508.86,AP,2026-09-08T01:42:59.099688+00:00
T00044,CAPITAL,9226.82,TRANSFER,2026-08-29T01:42:59.099688+00:00
T00045,PAYROLL,13849.3,AR,2026-08-26T01:42:59.099688+00:00
T00046,CAPITAL,50117.28,AP,2026-09-06T01:42:59.099688+00:00
T00047,PAYROLL,-40110.9,AR,2026-08-26T01:42:59.099688+00:00
T00048,CAPITAL,111529.99,TRANSFER,2026-08-29T01:42:59.099688+00:00
T00049,OPERATING,22241.81,AR,2026-08-22T01:42:59.099688+00:00
T00050,CAPITAL,66494.44,FEE,2026-09-09T01:42:59.099688+00:00
T00051,PAYROLL,76460.46,AR,2026-09-09T01:42:59.099688+00:00
T00052,PAYROLL,65138.65,TRANSFER,2026-09-28T01:42:59.099688+00:00
T00053,CAPITAL,-48495.61,AR,2026-08-29T01:42:59.099688+00:00
T00054,OPERATING,13636.69,FEE,2026-09-29T01:42:59.099688+00:00
T00055,OPERATING,46859.26,FEE,2026-09-28T01:42:59.099688+00:00
T00056,PAYROLL,32978.2,FEE,2026-09-20T01:42:59.099688+00:00
T00057,PAYROLL,82537.63,TRANSFER,2026-09-29T01:42:59.099688+00:00
T00058,CAPITAL,21003.15,AP,2026-09-24T01:42:59.099688+00:00
T00059,PAYROLL,12315.63,TRANSFER,2026-09-17T01:42:59.099688+00:00
T00060,PAYROLL,22656.8,AP,2026-09-11T01:42:59.099688+00:00
T00061,CAPITAL,-44902.62,TRANSFER,2026-09-02T01:42:59.099688+00:00
T00062,PAYROLL,115187.86,AP,2026-09-15T01:42:59.099688+00:00
T00063,CAPITAL,-13295.14,AR,2026-08-17T01:42:59.099688+00:00
T00064,OPERATING,67392.15,AR,2026-09-11T01:42:59.099688+00:00
T00065,OPERATING,-338.15,AR,2026-09-27T01:42:59.099688+00:00
T00066,OPERATING,19739.38,AR,2026-08-24T01:42:59.099688+00:00
T00067,OPERATING,-48005.03,AP,2026-09-29T01:42:59.099688+00:00
T00068,PAYROLL,20525.8,FEE,2026-09-17T01:42:59.099688+00:00
T00069,CAPITAL,31561.11,FEE,2026-09-04T01:42:59.099688+00:00
T00070,OPERATING,82630.06,AR,2026-09-25T01:42:59.099688+00:00
T00071,PAYROLL,87320.29,AP,2026-09-12T01:42:59.099688+00:00
T00072,OPERATING,20972.36,AP,2026-09-13T01:42:59.099688+00:00
T00073,OPERATING,15849.6,AR,2026-09-12T01:42:59.099688+00:00
T00074,OPERATING,119801.35,TRANSFER,2026-08-18T01:42:59.099688+00:00
T00075,OPERATING,53581.26,AR,2026-08-23T01:42:59.099688+00:00
T00076,PAYROLL,-10301.98,TRANSFER,2026-09-18T01:42:59.099688+00:00
T00077,PAYROLL,108601.37,FEE,2026-09-06T01:42:59.099688+00:00
T00078,CAPITAL,2480.03,TRANSFER,2026-08-30T01:42:59.099688+00:00
T00079,CAPITAL,45581.11,TRANSFER,2026-08-25T01:42:59.099688+00:00
T00080,CAPITAL,-10513.53,AR,2026-08-17T01:42:59.099688+00:00
T00081,OPERATING,51178.92,AR,2026-09-26T01:42:59.099688+00:00
T00082,OPERATING,62939.92,AR,2026-09-21T01:42:59.099688+00:00
T00083,OPERATING,-5861.36,AR,2026-09-19T01:42:59.099688+00:00
T00084,OPERATING,78563.24,AR,2026-08-31T01:42:59.099688+00:00
T00085,OPERATING,40469.84,TRANSFER,2026-08-16T01:42:59.099688+00:00
T00086,CAPITAL,-4135.15,TRANSFER,2026-09-01T01:42:59.099688+00:00
T00087,CAPITAL,103887.88,AP,2026-08-27T01:42:59.099688+00:00
T00088,OPERATING,35092.25,AR,2026-09-01T01:42:59.099688+00:00
T00089,OPERATING,106873.0,TRANSFER,2026-09-29T01:42:59.099688+00:00
T00090,PAYROLL,-5565.12,FEE,2026-09-16T01:42:59.099688+00:00
T00091,OPERATING,92743.19,AR,2026-08-25T01:42:59.099688+00:00
T00092,PAYROLL,133.85,AP,2026-09-01T01:42:59.099688+00:00
T00093,OPERATING,76999.8,FEE,2026-08-20T01:42:59.099688+00:00
T00094,OPERATING,10503.6,AR,2026-09-11T01:42:59.099688+00:00
T00095,OPERATING,-32917.92,AR,2026-09-27T01:42:59.099688+00:00
T00096,OPERATING,-14727.25,TRANSFER,2026-09-19T01:42:59.099688+00:00
T00097,PAYROLL,-3999.68,FEE,2026-09-06T01:42:59.099688+00:00
T00098,CAPITAL,8955.79,TRANSFER,2026-08-30T01:42:59.099688+00:00
T00099,OPERATING,104364.54,AP,2026-08-18T01:42:59.099688+00:00
T00100,CAPITAL,17638.43,AR,2026-09-20T01:42:59.099688+00:00
T00101,PAYROLL,42095.46,AP,2026-08-17T01:42:59.099688+00:00
T00102,OPERATING,8380.04,AR,2026-08-29T01:42:59.099688+00:00
T00103,CAPITAL,60270.94,AR,2026-09-23T01:42:59.099688+00:00
T00104,CAPITAL,89157.1,TRANSFER,2026-09-20T01:42:59.099688+00:00
T00105,PAYROLL,-5164.16,AR,2026-09-13T01:42:59.099688+00:00
T00106,CAPITAL,44614.37,TRANSFER,2026-09-18T01:42:59.099688+00:00
T00107,OPERATING,4578.08,TRANSFER,2026-08-27T01:42:59.099688+00:00
T00108,PAYROLL,18350.52,AP,2026-08-28T01:42:59.099688+00:00
T00109,PAYROLL,1445.45,AP,2026-08-30T01:42:59.099688+00:00
T00110,CAPITAL,108946.91,AP,2026-08-25T01:42:59.099688+00:00
T00111,CAPITAL,98944.16,AP,2026-09-06T01:42:59.099688+00:00
T00112,PAYROLL,2483.12,AR,2026-08-18T01:42:59.099688+00:00
T00113,OPERATING,37900.03,FEE,2026-09-16T01:42:59.099688+00:00
T00114,OPERATING,-22122.25,FEE,2026-09-17T01:42:59.099688+00:00
T00115,OPERATING,84045.15,TRANSFER,2026-08-16T01:42:59.099688+00:00
T00116,CAPITAL,98048.04,AR,2026-09-19T01:42:59.099688+00:00
T00117,CAPITAL,83689.4,TRANSFER,2026-09-03T01:42:59.099688+00:00
T00118,PAYROLL,57056.05,TRANSFER,2026-08-16T01:42:59.099688+00:00
T00119,CAPITAL,111545.14,AR,2026-08-20T01:42:59.099688+00:00
T00120,CAPITAL,108122.41,TRANSFER,2026-08-25T01:42:59.099688+00:00
T00121,OPERATING,-48178.45,FEE,2026-09-18T01:42:59.099688+00:00
T00122,CAPITAL,45181.5,AP,2026-09-02T01:42:59.099688+00:00
T00123,OPERATING,99119.56,FEE,2026-09-25T01:42:59.099688+00:00
T00124,CAPITAL,-39719.15,FEE,2026-09-24T01:42:59.099688+00:00
T00125,CAPITAL,11849.56,AR,2026-09-17T01:42:59.099688+00:00
T00126,CAPITAL,69855.83,AR,2026-09-17T01:42:59.099688+00:00
T00127,CAPITAL,63810.58,AR,2026-09-23T01:42:59.099688+00:00
T00128,PAYROLL,32794.6,AR,2026-09-21T01:42:59.099688+00:00
T00129,OPERATING,108851.0,TRANSFER,2026-08-29T01:42:59.099688+00:00
T00130,OPERATING,-7802.45,TRANSFER,2026-09-08T01:42:59.099688+00:00
T00131,PAYROLL,-10472.14,FEE,2026-09-15T01:42:59.099688+00:00
T00132,PAYROLL,-7544.04,FEE,2026-09-14T01:42:59.099688+00:00
T00133,CAPITAL,-8950.52,FEE,2026-08-25T01:42:59.099688+00:00
T00134,OPERATING,100245.19,AP,2026-09-15T01:42:59.099688+00:00
T00135,OPERATING,-13720.9,AR,2026-08-31T01:42:59.099688+00:00
T00136,PAYROLL,-22281.51,AR,2026-09-22T01:42:59.099688+00:00
T00137,OPERATING,38900.7,AR,2026-09-16T01:42:59.099688+00:00
T00138,PAYROLL,76975.1,FEE,2026-08-17T01:42:59.099688+00:00
T00139,PAYROLL,60826.37,TRANSFER,2026-09-19T01:42:59.099688+00:00
T00140,PAYROLL,87279.45,AR,2026-09-15T01:42:59.099688+00:00
T00141,CAPITAL,-24741.57,TRANSFER,2026-09-15T01:42:59.099688+00:00
T00142,CAPITAL,-1283.84,FEE,2026-09-28T01:42:59.099688+00:00
T00143,PAYROLL,-33367.27,FEE,2026-08-23T01:42:59.099688+00:00
T00144,OPERATING,64725.64,AP,2026-09-14T01:42:59.099688+00:00
T00145,OPERATING,-5086.74,FEE,2026-08-19T01:42:59.099688+00:00
T00146,CAPITAL,83341.42,AP,2026-09-19T01:42:59.099688+00:00
T00147,OPERATING,89823.37,AP,2026-09-15T01:42:59.099688+00:00
T00148,OPERATING,88306.02,TRANSFER,2026-09-08T01:42:59.099688+00:00
T00149,OPERATING,14498.3,FEE,2026-08-20T01:42:59.099688+00:00
T00150,PAYROLL,46537.24,AR,2026-09-21T01:42:59.099688+00:00
T00151,CAPITAL,69790.38,AP,2026-08-19T01:42:59.099688+00:00
T00152,CAPITAL,64052.4,TRANSFER,2026-09-11T01:42:59.099688+00:00
T00153,OPERATING,110356.18,TRANSFER,2026-09-11T01:42:59.099688+00:00
T00154,OPERATING,40466.46,TRANSFER,2026-09-27T01:42:59.099688+00:00
T00155,OPERATING,112919.87,AP,2026-08-31T01:42:59.099688+00:00
T00156,OPERATING,-24031.49,TRANSFER,2026-09-01T01:42:59.099688+00:00
T00157,CAPITAL,58966.52,AP,2026-08-18T01:42:59.099688+00:00
T00158,PAYROLL,5973.47,TRANSFER,2026-09-12T01:42:59.099688+00:00
T00159,PAYROLL,-24764.08,AP,2026-09-19T01:42:59.099688+00:00
T00160,OPERATING,59476.37,TRANSFER,2026-09-04T01:42:59.099688+00:00
T00161,CAPITAL,-43680.18,AP,2026-08-21T01:42:59.099688+00:00
T00162,OPERATING,-44731.5,AR,2026-09-11T01:42:59.099688+00:00
T00163,PAYROLL,51788.29,TRANSFER,2026-09-13T01:42:59.099688+00:00
T00164,PAYROLL,88643.47,AR,2026-09-04T01:42:59.099688+00:00
T00165,PAYROLL,112843.04,AP,2026-09-18T01:42:59.099688+00:00
T00166,OPERATING,32264.45,AP,2026-09-27T01:42:59.099688+00:00
T00167,CAPITAL,9609.58,TRANSFER,2026-09-19T01:42:59.099688+00:00
T00168,CAPITAL,89557.07,TRANSFER,2026-08-26T01:42:59.099688+00:00
T00169,PAYROLL,52086.33,TRANSFER,2026-09-12T01:42:59.099688+00:00
T00170,PAYROLL,79220.11,TRANSFER,2026-09-16T01:42:59.099688+00:00
T00171,OPERATING,116158.76,FEE,2026-09-10T01:42:59.099688+00:00
T00172,PAYROLL,34139.87,AR,2026-08-29T01:42:59.099688+00:00
T00173,CAPITAL,30064.98,AP,2026-09-02T01:42:59.099688+00:00
T00174,OPERATING,-6828.97,AR,2026-08-19T01:42:59.099688+00:00
T00175,PAYROLL,-29655.73,AR,2026-09-27T01:42:59.099688+00:00
T00176,CAPITAL,-25350.28,TRANSFER,2026-08-31T01:42:59.099688+00:00
T00177,PAYROLL,106466.26,AP,2026-08-23T01:42:59.099688+00:00
T00178,OPERATING,29238.11,AP,2026-08-24T01:42:59.099688+00:00
T00179,PAYROLL,8718.79,AP,2026-09-13T01:42:59.099688+00:00
T00180,PAYROLL,-23197.08,FEE,2026-09-05T01:42:59.099688+00:00
T00181,CAPITAL,82876.74,AP,2026-09-21T01:42:59.099688+00:00
T00182,OPERATING,39290.26,AR,2026-08-23T01:42:59.099688+00:00
T00183,CAPITAL,-49911.88,AP,2026-08-20T01:42:59.099688+00:00
T00184,OPERATING,864.37,AP,2026-09-16T01:42:59.099688+00:00
T00185,OPERATING,114772.95,TRANSFER,2026-08-17T01:42:59.099688+00:00
T00186,CAPITAL,70647.68,AR,2026-08-17T01:42:59.099688+00:00
T00187,OPERATING,44248.47,TRANSFER,2026-09-14T01:42:59.099688+00:00
T00188,CAPITAL,2208.5,TRANSFER,2026-08-28T01:42:59.099688+00:00
T00189,PAYROLL,31525.03,AP,2026-09-07T01:42:59.099688+00:00
T00190,CAPITAL,9420.89,AR,2026-08-27T01:42:59.099688+00:00
T00191,PAYROLL,72108.68,FEE,2026-09-01T01:42:59.099688+00:00
T00192,PAYROLL,62369.02,AP,2026-09-16T01:42:59.099688+00:00
T00193,OPERATING,60269.24,TRANSFER,2026-08-27T01:42:59.099688+00:00
T00194,PAYROLL,84447.69,TRANSFER,2026-08-27T01:42:59.099688+00:00
T00195,PAYROLL,118450.55,TRANSFER,2026-08-21T01:42:59.099688+00:00
T00196,PAYROLL,1481.71,TRANSFER,2026-09-24T01:42:59.099688+00:00
T00197,CAPITAL,48071.45,FEE,2026-09-23T01:42:59.099688+00:00
T00198,PAYROLL,-29866.28,AR,2026-09-17T01:42:59.099688+00:00
T00199,PAYROLL,-5295.29,FEE,2026-09-23T01:42:59.099688+00:00
T00200,PAYROLL,3197.2,FEE,2026-09-22T01:42:59.099688+00:00
T00201,CAPITAL,67258.17,FEE,2026-09-12T01:42:59.099688+00:00
T00202,CAPITAL,-25993.92,AR,2026-08-17T01:42:59.099688+00:00
T00203,PAYROLL,44210.41,FEE,2026-09-29T01:42:59.099688+00:00
T00204,PAYROLL,-13870.21,TRANSFER,2026-09-11T01:42:59.099688+00:00
T00205,OPERATING,-23944.59,AP,2026-09-16T01:42:59.099688+00:00
T00206,OPERATING,-6015.53,TRANSFER,2026-09-10T01:42:59.099688+00:00
T00207,CAPITAL,34500.75,AP,2026-09-14T01:42:59.099688+00:00
T00208,PAYROLL,108880.72,FEE,2026-09-15T01:42:59.099688+00:00
T00209,OPERATING,29346.27,AP,2026-09-04T01:42:59.099688+00:00
T00210,CAPITAL,12627.97,AR,2026-09-23T01:42:59.099688+00:00
T00211,CAPITAL,50659.78,FEE,2026-08-18T01:42:59.099688+00:00
T00212,CAPITAL,60084.26,AR,2026-09-04T01:42:59.099688+00:00
T00213,PAYROLL,84865.2,AP,2026-09-20T01:42:59.099688+00:00
T00214,PAYROLL,87760.69,AP,2026-09-22T01:42:59.099688+00:00
T00215,CAPITAL,-42298.95,TRANSFER,2026-08-21T01:42:59.099688+00:00
T00216,PAYROLL,-37243.91,AR,2026-09-29T01:42:59.099688+00:00
T00217,OPERATING,-21210.12,AP,2026-09-06T01:42:59.099688+00:00
T00218,CAPITAL,17191.34,FEE,2026-09-07T01:42:59.099688+00:00
T00219,CAPITAL,1103.52,FEE,2026-09-23T01:42:59.099688+00:00
T00220,CAPITAL,100522.03,FEE,2026-09-04T01:42:59.099688+00:00
T00221,OPERATING,-7323.35,AR,2026-09-05T01:42:59.099688+00:00
T00222,OPERATING,2211.77,TRANSFER,2026-08-23T01:42:59.099688+00:00
T00223,OPERATING,-4219.87,AP,2026-09-04T01:42:59.099688+00:00
T00224,OPERATING,-46688.52,FEE,2026-08-16T01:42:59.099688+00:00
T00225,CAPITAL,53382.23,AP,2026-09-15T01:42:59.099688+00:00
T00226,CAPITAL,-43319.73,AR,2026-09-12T01:42:59.099688+00:00
T00227,PAYROLL,80798.31,TRANSFER,2026-09-15T01:42:59.099688+00:00
T00228,PAYROLL,64437.21,TRANSFER,2026-08-23T01:42:59.099688+00:00
T00229,OPERATING,21381.06,FEE,2026-09-16T01:42:59.099688+00:00
T00230,PAYROLL,51536.59,AP,2026-08-31T01:42:59.099688+00:00
T00231,OPERATING,37343.74,FEE,2026-08-28T01:42:59.099688+00:00
T00232,OPERATING,-44197.91,AP,2026-09-20T01:42:59.099688+00:00
T00233,CAPITAL,95049.57,FEE,2026-09-14T01:42:59.099688+00:00
T00234,OPERATING,-11516.13,FEE,2026-09-21T01:42:59.099688+00:00
T00235,OPERATING,71011.71,AP,2026-09-24T01:42:59.099688+00:00
T00236,OPERATING,60194.73,AR,2026-08-28T01:42:59.099688+00:00
T00237,OPERATING,-48922.78,AR,2026-08-20T01:42:59.099688+00:00
T00238,PAYROLL,-4921.67,AR,2026-08-29T01:42:59.099688+00:00
T00239,PAYROLL,91527.98,TRANSFER,2026-09-11T01:42:59.099688+00:00
T00240,PAYROLL,83229.35,TRANSFER,2026-09-01T01:42:59.099688+00:00
T00241,CAPITAL,55978.98,AR,2026-08-24T01:42:59.099688+00:00
T00242,OPERATING,-11055.84,AP,2026-09-26T01:42:59.099688+00:00
T00243,OPERATING,-3748.61,FEE,2026-09-19T01:42:59.099688+00:00
T00244,OPERATING,112287.98,FEE,2026-09-28T01:42:59.099688+00:00
T00245,OPERATING,61604.04,FEE,2026-08-16T01:42:59.099688+00:00
T00246,OPERATING,-14222.47,FEE,2026-09-13T01:42:59.099688+00:00
T00247,PAYROLL,66615.78,AP,2026-09-29T01:42:59.099688+00:00
T00248,CAPITAL,72876.84,AP,2026-09-14T01:42:59.099688+00:00
T00249,PAYROLL,65325.84,FEE,2026-09-25T01:42:59.099688+00:00
T00250,CAPITAL,83092.19,AP,2026-08-24T01:42:59.099688+00:00
T00251,PAYROLL,33259.5,FEE,2026-08-26T01:42:59.099688+00:00
T00252,CAPITAL,-30257.09,AP,2026-08-23T01:42:59.099688+00:00
T00253,PAYROLL,60835.29,AR,2026-09-15T01:42:59.099688+00:00
T00254,CAPITAL,77924.81,TRANSFER,2026-09-19T01:42:59.099688+00:00
T00255,CAPITAL,-7332.09,AR,2026-08-27T01:42:59.099688+00:00
T00256,CAPITAL,30944.71,AP,2026-08-27T01:42:59.099688+00:00
T00257,CAPITAL,4322.65,AP,2026-09-02T01:42:59.099688+00:00
T00258,PAYROLL,55860.7,AR,2026-08-21T01:42:59.099688+00:00
T00259,PAYROLL,21725.74,TRANSFER,2026-09-24T01:42:59.099688+00:00
T00260,PAYROLL,83873.38,AR,2026-09-10T01:42:59.099688+00:00
T00261,OPERATING,82628.18,FEE,2026-08-23T01:42:59.099688+00:00
T00262,CAPITAL,38843.09,FEE,2026-08-18T01:42:59.099688+00:00
T00263,PAYROLL,31772.29,FEE,2026-09-05T01:42:59.099688+00:00
T00264,PAYROLL,45056.34,FEE,2026-08-27T01:42:59.099688+00:00
T00265,PAYROLL,82536.65,TRANSFER,2026-09-16T01:42:59.099688+00:00
T00266,CAPITAL,108092.47,AP,2026-09-09T01:42:59.099688+00:00
T00267,PAYROLL,33237.33,AR,2026-09-08T01:42:59.099688+00:00
T00268,CAPITAL,-13292.38,TRANSFER,2026-09-24T01:42:59.099688+00:00
T00269,OPERATING,-9925.47,AP,2026-08-28T01:42:59.099688+00:00
T00270,PAYROLL,119477.51,AR,2026-08-21T01:42:59.099688+00:00
T00271,CAPITAL,114421.74,AP,2026-09-20T01:42:59.099688+00:00
T00272,CAPITAL,79420.4,AP,2026-08-29T01:42:59.099688+00:00
T00273,PAYROLL,2002.71,FEE,2026-09-12T01:42:59.099688+00:00
T00274,PAYROLL,116318.61,AP,2026-09-04T01:42:59.099688+00:00
T00275,OPERATING,86527.47,AP,2026-09-09T01:42:59.099688+00:00
T00276,PAYROLL,-36953.53,TRANSFER,2026-09-23T01:42:59.099688+00:00
T00277,PAYROLL,29838.68,AR,2026-08-29T01:42:59.099688+00:00
T00278,OPERATING,109261.17,AP,2026-09-21T01:42:59.099688+00:00
T00279,CAPITAL,-14484.75,AP,2026-09-26T01:42:59.099688+00:00
T00280,OPERATING,24727.17,TRANSFER,2026-09-05T01:42:59.099688+00:00
T00281,PAYROLL,117250.45,AP,2026-08-28T01:42:59.099688+00:00
T00282,OPERATING,102411.78,TRANSFER,2026-09-14T01:42:59.099688+00:00
T00283,PAYROLL,6395.66,AR,2026-09-23T01:42:59.099688+00:00
T00284,CAPITAL,52201.86,AR,2026-08-19T01:42:59.099688+00:00
T00285,OPERATING,-5044.6,TRANSFER,2026-08-29T01:42:59.099688+00:00
T00286,OPERATING,-521.95,FEE,2026-09-19T01:42:59.099688+00:00
T00287,CAPITAL,81452.53,AR,2026-09-14T01:42:59.099688+00:00
T00288,CAPITAL,-27063.92,AR,2026-09-19T01:42:59.099688+00:00
T00289,CAPITAL,105213.36,AP,2026-08-25T01:42:59.099688+00:00
T00290,OPERATING,110191.07,AP,2026-09-27T01:42:59.099688+00:00
T00291,PAYROLL,50927.18,AP,2026-09-16T01:42:59.099688+00:00
T00292,OPERATING,1603.24,AR,2026-09-10T01:42:59.099688+00:00
T00293,OPERATING,44864.15,AR,2026-09-07T01:42:59.099688+00:00
T00294,PAYROLL,16061.62,TRANSFER,2026-08-29T01:42:59.099688+00:00
T00295,CAPITAL,72129.32,FEE,2026-08-27T01:42:59.099688+00:00
T00296,PAYROLL,106505.61,AR,2026-08-19T01:42:59.099688+00:00
T00297,CAPITAL,70493.21,AR,2026-09-27T01:42:59.099688+00:00
T00298,CAPITAL,-45295.33,TRANSFER,2026-09-12T01:42:59.099688+00:00
T00299,OPERATING,67535.91,AP,2026-09-12T01:42:59.099688+00:00
T00300,CAPITAL,89499.08,FEE,2026-08-17T01:42:59.099688+00:00
T00301,OPERATING,-11257.31,AR,2026-08-30T01:42:59.099688+00:00
T00302,OPERATING,98332.72,AR,2026-08-17T01:42:59.099688+00:00
T00303,CAPITAL,87529.91,AP,2026-08-30T01:42:59.099688+00:00
T00304,OPERATING,14106.47,AP,2026-09-24T01:42:59.099688+00:00
T00305,OPERATING,67504.08,AR,2026-09-26T01:42:59.099688+00:00
T00306,PAYROLL,-48447.04,AR,2026-09-01T01:42:59.099688+00:00
T00307,OPERATING,79589.25,FEE,2026-09-17T01:42:59.099688+00:00
T00308,CAPITAL,12645.14,TRANSFER,2026-09-05T01:42:59.099688+00:00
T00309,PAYROLL,113988.14,FEE,2026-09-14T01:42:59.099688+00:00
T00310,PAYROLL,102362.16,AR,2026-08-28T01:42:59.099688+00:00
T00311,PAYROLL,84612.86,TRANSFER,2026-08-23T01:42:59.099688+00:00
T00312,CAPITAL,-9306.98,AP,2026-09-18T01:42:59.099688+00:00
T00313,CAPITAL,69379.84,AR,2026-09-13T01:42:59.099688+00:00
T00314,PAYROLL,-15224.62,AP,2026-08-22T01:42:59.099688+00:00
T00315,CAPITAL,70927.4,TRANSFER,2026-09-15T01:42:59.099688+00:00
T00316,PAYROLL,69552.93,AP,2026-09-24T01:42:59.099688+00:00
T00317,PAYROLL,50946.03,AP,2026-09-14T01:42:59.099688+00:00
T00318,OPERATING,7368.15,AR,2026-09-18T01:42:59.099688+00:00
T00319,PAYROLL,59358.53,AP,2026-09-28T01:42:59.099688+00:00
T00320,OPERATING,28528.52,AP,2026-09-20T01:42:59.099688+00:00
T00321,CAPITAL,29905.3,AR,2026-08-17T01:42:59.099688+00:00
T00322,CAPITAL,31855.36,AP,2026-08-29T01:42:59.099688+00:00
T00323,CAPITAL,96820.83,TRANSFER,2026-09-25T01:42:59.099688+00:00
T00324,OPERATING,-5399.04,AR,2026-09-03T01:42:59.099688+00:00
T00325,OPERATING,110411.53,FEE,2026-09-04T01:42:59.099688+00:00
T00326,CAPITAL,3342.46,AR,2026-09-16T01:42:59.099688+00:00
T00327,CAPITAL,37775.99,AR,2026-08-18T01:42:59.099688+00:00
T00328,CAPITAL,107151.24,FEE,2026-08-31T01:42:59.099688+00:00
T00329,OPERATING,24847.04,FEE,2026-08-24T01:42:59.099688+00:00
T00330,PAYROLL,106279.21,AR,2026-09-22T01:42:59.099688+00:00
T00331,PAYROLL,79615.96,TRANSFER,2026-09-27T01:42:59.099688+00:00
T00332,PAYROLL,23922.31,TRANSFER,2026-08-19T01:42:59.099688+00:00
T00333,CAPITAL,75106.59,TRANSFER,2026-08-26T01:42:59.099688+00:00
T00334,PAYROLL,119034.87,TRANSFER,2026-08-29T01:42:59.099688+00:00
T00335,OPERATING,73085.89,TRANSFER,2026-08-21T01:42:59.099688+00:00
T00336,OPERATING,39692.58,AP,2026-09-22T01:42:59.099688+00:00
T00337,OPERATING,55472.63,FEE,2026-09-20T01:42:59.099688+00:00
T00338,PAYROLL,51357.98,AR,2026-09-16T01:42:59.099688+00:00
T00339,OPERATING,76746.68,AP,2026-09-23T01:42:59.099688+00:00
T00340,PAYROLL,44990.81,AP,2026-09-12T01:42:59.099688+00:00
T00341,PAYROLL,36434.0,FEE,2026-09-17T01:42:59.099688+00:00
T00342,OPERATING,102202.4,TRANSFER,2026-08-26T01:42:59.099688+00:00
T00343,CAPITAL,74494.15,AR,2026-09-29T01:42:59.099688+00:00
T00344,PAYROLL,-33209.69,FEE,2026-09-04T01:42:59.099688+00:00
T00345,CAPITAL,17741.82,FEE,2026-09-01T01:42:59.099688+00:00
T00346,CAPITAL,-42560.37,AP,2026-08-30T01:42:59.099688+00:00
T00347,PAYROLL,25900.3,FEE,2026-09-15T01:42:59.099688+00:00
T00348,PAYROLL,72306.51,TRANSFER,2026-09-03T01:42:59.099688+00:00
T00349,OPERATING,90419.82,AP,2026-09-08T01:42:59.099688+00:00
T00350,OPERATING,60127.41,FEE,2026-09-20T01:42:59.099688+00:00
T00351,CAPITAL,-17361.54,AP,2026-09-09T01:42:59.099688+00:00
T00352,CAPITAL,39304.89,AP,2026-09-07T01:42:59.099688+00:00
T00353,CAPITAL,94127.44,TRANSFER,2026-08-24T01:42:59.099688+00:00
T00354,PAYROLL,107980.01,TRANSFER,2026-09-16T01:42:59.099688+00:00
T00355,CAPITAL,39503.95,TRANSFER,2026-09-21T01:42:59.099688+00:00
T00356,CAPITAL,110468.63,TRANSFER,2026-08-18T01:42:59.099688+00:00
T00357,OPERATING,12433.05,AP,2026-08-22T01:42:59.099688+00:00
T00358,CAPITAL,48001.05,TRANSFER,2026-08-22T01:42:59.099688+00:00
T00359,PAYROLL,-48092.93,FEE,2026-09-01T01:42:59.099688+00:00
T00360,PAYROLL,89408.86,TRANSFER,2026-09-03T01:42:59.099688+00:00
T00361,PAYROLL,53142.89,FEE,2026-09-02T01:42:59.099688+00:00
T00362,OPERATING,24776.77,AP,2026-09-18T01:42:59.099688+00:00
T00363,CAPITAL,-24787.98,AR,2026-08-22T01:42:59.099688+00:00
T00364,PAYROLL,2941.2,FEE,2026-09-11T01:42:59.099688+00:00
T00365,OPERATING,110399.74,TRANSFER,2026-09-18T01:42:59.099688+00:00
T00366,CAPITAL,69088.71,TRANSFER,2026-09-01T01:42:59.099688+00:00
T00367,CAPITAL,-3122.77,FEE,2026-08-29T01:42:59.099688+00:00
T00368,PAYROLL,110763.57,FEE,2026-09-25T01:42:59.099688+00:00
T00369,PAYROLL,29047.1,TRANSFER,2026-08-27T01:42:59.099688+00:00
T00370,CAPITAL,29801.07,TRANSFER,2026-09-03T01:42:59.099688+00:00
T00371,CAPITAL,-3916.57,AP,2026-09-05T01:42:59.099688+00:00
T00372,CAPITAL,93154.83,TRANSFER,2026-08-23T01:42:59.099688+00:00
T00373,CAPITAL,-35988.83,AP,2026-09-25T01:42:59.099688+00:00
T00374,PAYROLL,13993.7,AR,2026-09-27T01:42:59.099688+00:00
T00375,OPERATING,-15163.15,AR,2026-08-27T01:42:59.099688+00:00
T00376,PAYROLL,78560.69,AP,2026-09-14T01:42:59.099688+00:00
T00377,CAPITAL,-49729.29,TRANSFER,2026-09-04T01:42:59.099688+00:00
T00378,PAYROLL,-49858.57,AP,2026-09-08T01:42:59.099688+00:00
T00379,OPERATING,110058.13,TRANSFER,2026-08-19T01:42:59.099688+00:00
T00380,CAPITAL,-22174.37,TRANSFER,2026-08-27T01:42:59.099688+00:00
T00381,OPERATING,-31002.25,TRANSFER,2026-08-20T01:42:59.099688+00:00
T00382,CAPITAL,45902.07,AP,2026-09-02T01:42:59.099688+00:00
T00383,PAYROLL,119967.74,AR,2026-08-21T01:42:59.099688+00:00
T00384,CAPITAL,111158.4,AP,2026-08-31T01:42:59.099688+00:00
T00385,PAYROLL,74417.43,AR,2026-08-24T01:42:59.099688+00:00
T00386,CAPITAL,-24359.95,AP,2026-09-12T01:42:59.099688+00:00
T00387,OPERATING,54929.67,FEE,2026-09-02T01:42:59.099688+00:00
T00388,OPERATING,1810.09,TRANSFER,2026-09-18T01:42:59.099688+00:00
T00389,PAYROLL,11969.62,TRANSFER,2026-09-01T01:42:59.099688+00:00
T00390,CAPITAL,32279.65,TRANSFER,2026-08-18T01:42:59.099688+00:00
T00391,PAYROLL,-28170.9,AP,2026-09-27T01:42:59.099688+00:00
T00392,OPERATING,90689.18,TRANSFER,2026-09-03T01:42:59.099688+00:00
T00393,CAPITAL,10009.37,AP,2026-08-27T01:42:59.099688+00:00
T00394,PAYROLL,-7329.17,TRANSFER,2026-09-09T01:42:59.099688+00:00
T00395,CAPITAL,18273.86,AR,2026-09-03T01:42:59.099688+00:00
T00396,CAPITAL,80969.0,FEE,2026-09-04T01:42:59.099688+00:00
T00397,CAPITAL,48138.28,AP,2026-09-13T01:42:59.099688+00:00
T00398,OPERATING,-15180.44,FEE,2026-09-07T01:42:59.099688+00:00
T00399,OPERATING,98955.76,TRANSFER,2026-09-20T01:42:59.099688+00:00
T00400,PAYROLL,46002.05,FEE,2026-08-22T01:42:59.099688+00:00
T00401,OPERATING,70658.06,AR,2026-09-10T01:42:59.099688+00:00
T00402,OPERATING,68537.25,AR,2026-09-03T01:42:59.099688+00:00
T00403,OPERATING,5470.55,TRANSFER,2026-09-29T01:42:59.099688+00:00
T00404,OPERATING,50078.3,AR,2026-09-23T01:42:59.099688+00:00
T00405,PAYROLL,42354.83,AP,2026-09-20T01:42:59.099688+00:00
T00406,CAPITAL,-46465.42,FEE,2026-09-09T01:42:59.099688+00:00
T00407,CAPITAL,-21214.83,TRANSFER,2026-09-27T01:42:59.099688+00:00
T00408,OPERATING,9323.81,FEE,2026-09-29T01:42:59.099688+00:00
T00409,OPERATING,107919.1,FEE,2026-09-14T01:42:59.099688+00:00
T00410,PAYROLL,87577.51,AR,2026-09-07T01:42:59.099688+00:00
T00411,CAPITAL,108828.02,AP,2026-09-22T01:42:59.099688+00:00
T00412,CAPITAL,114097.31,TRANSFER,2026-09-23T01:42:59.099688+00:00
T00413,OPERATING,14668.28,FEE,2026-09-11T01:42:59.099688+00:00
T00414,PAYROLL,-42885.57,FEE,2026-09-21T01:42:59.099688+00:00
T00415,OPERATING,-22925.22,AP,2026-09-02T01:42:59.099688+00:00
T00416,OPERATING,-9356.38,FEE,2026-09-29T01:42:59.099688+00:00
T00417,CAPITAL,98680.67,FEE,2026-09-21T01:42:59.099688+00:00
T00418,CAPITAL,110842.04,TRANSFER,2026-09-07T01:42:59.099688+00:00
T00419,CAPITAL,-43571.85,AR,2026-09-26T01:42:59.099688+00:00
T00420,CAPITAL,-15394.64,AP,2026-09-15T01:42:59.099688+00:00
T00421,PAYROLL,107787.74,FEE,2026-08-21T01:42:59.099688+00:00
T00422,OPERATING,80288.89,FEE,2026-09-01T01:42:59.099688+00:00
T00423,CAPITAL,-38641.99,AP,2026-09-12T01:42:59.099688+00:00
T00424,PAYROLL,-11439.86,FEE,2026-08-27T01:42:59.099688+00:00
T00425,CAPITAL,84958.15,TRANSFER,2026-08-29T01:42:59.099688+00:00
T00426,OPERATING,61814.46,FEE,2026-09-22T01:42:59.099688+00:00
T00427,PAYROLL,57885.12,AP,2026-08-31T01:42:59.099688+00:00
T00428,CAPITAL,37669.93,AR,2026-09-18T01:42:59.099688+00:00
T00429,OPERATING,-46354.08,TRANSFER,2026-09-03T01:42:59.099688+00:00
T00430,PAYROLL,118572.83,TRANSFER,2026-08-21T01:42:59.099688+00:00
T00431,CAPITAL,80926.1,FEE,2026-09-12T01:42:59.099688+00:00
T00432,CAPITAL,114621.5,AP,2026-09-04T01:42:59.099688+00:00
T00433,OPERATING,101975.01,FEE,2026-09-17T01:42:59.099688+00:00
T00434,PAYROLL,5389.95,FEE,2026-09-28T01:42:59.099688+00:00
T00435,OPERATING,-28116.28,TRANSFER,2026-08-21T01:42:59.099688+00:00
T00436,OPERATING,80222.29,TRANSFER,2026-09-05T01:42:59.099688+00:00
T00437,OPERATING,48546.61,AR,2026-09-27T01:42:59.099688+00:00
T00438,PAYROLL,89884.53,AR,2026-09-23T01:42:59.099688+00:00
T00439,OPERATING,37278.34,AR,2026-09-11T01:42:59.099688+00:00
T00440,PAYROLL,-15979.97,FEE,2026-09-05T01:42:59.099688+00:00
T00441,PAYROLL,51873.66,AP,2026-08-18T01:42:59.099688+00:00
T00442,PAYROLL,-46845.53,FEE,2026-08-27T01:42:59.099688+00:00
T00443,OPERATING,42974.36,AR,2026-09-28T01:42:59.099688+00:00
T00444,PAYROLL,103577.8,AP,2026-09-28T01:42:59.099688+00:00
T00445,PAYROLL,93664.69,TRANSFER,2026-08-23T01:42:59.099688+00:00
T00446,PAYROLL,37575.0,AR,2026-09-24T01:42:59.099688+00:00
T00447,CAPITAL,-23360.77,TRANSFER,2026-09-21T01:42:59.099688+00:00
T00448,PAYROLL,-34069.54,AP,2026-09-11T01:42:59.099688+00:00
T00449,PAYROLL,-48367.67,TRANSFER,2026-08-30T01:42:59.099688+00:00
T00450,OPERATING,33464.8,FEE,2026-08-31T01:42:59.099688+00:00
T00451,OPERATING,-9541.09,AP,2026-09-13T01:42:59.099688+00:00
T00452,CAPITAL,2056.32,TRANSFER,2026-09-08T01:42:59.099688+00:00
T00453,CAPITAL,23376.98,TRANSFER,2026-09-23T01:42:59.099688+00:00
T00454,CAPITAL,107715.66,AP,2026-08-20T01:42:59.099688+00:00
T00455,PAYROLL,-13135.56,AP,2026-08-24T01:42:59.099688+00:00
T00456,OPERATING,103954.69,AP,2026-09-04T01:42:59.099688+00:00
T00457,CAPITAL,109714.3,FEE,2026-09-15T01:42:59.099688+00:00
T00458,PAYROLL,100813.17,FEE,2026-09-22T01:42:59.099688+00:00
T00459,OPERATING,66361.67,AR,2026-09-26T01:42:59.099688+00:00
T00460,PAYROLL,119342.45,AP,2026-08-20T01:42:59.099688+00:00
T00461,OPERATING,100833.36,TRANSFER,2026-08-19T01:42:59.099688+00:00
T00462,CAPITAL,-30534.82,FEE,2026-08-16T01:42:59.099688+00:00
T00463,PAYROLL,51727.71,AP,2026-08-26T01:42:59.099688+00:00
T00464,CAPITAL,65122.42,AR,2026-09-29T01:42:59.099688+00:00
T00465,OPERATING,70025.43,TRANSFER,2026-09-16T01:42:59.099688+00:00
T00466,CAPITAL,88700.07,TRANSFER,2026-09-16T01:42:59.099688+00:00
T00467,CAPITAL,77496.61,AR,2026-08-21T01:42:59.099688+00:00
T00468,PAYROLL,-28482.6,AR,2026-09-09T01:42:59.099688+00:00
T00469,CAPITAL,59375.1,AP,2026-08-24T01:42:59.099688+00:00
T00470,PAYROLL,83019.79,FEE,2026-09-21T01:42:59.099688+00:00
T00471,CAPITAL,9507.74,TRANSFER,2026-09-22T01:42:59.099688+00:00
T00472,CAPITAL,88314.98,AP,2026-09-22T01:42:59.099688+00:00
T00473,CAPITAL,85224.03,AP,2026-09-07T01:42:59.099688+00:00
T00474,PAYROLL,-18896.1,AR,2026-08-28T01:42:59.099688+00:00
T00475,PAYROLL,-26212.88,AR,2026-08-29T01:42:59.099688+00:00
T00476,CAPITAL,23521.15,TRANSFER,2026-09-23T01:42:59.099688+00:00
T00477,PAYROLL,68702.92,AR,2026-09-04T01:42:59.099688+00:00
T00478,OPERATING,-22425.6,AR,2026-08-22T01:42:59.099688+00:00
T00479,CAPITAL,-19267.51,AR,2026-09-08T01:42:59.099688+00:00
T00480,CAPITAL,-43985.18,FEE,2026-09-07T01:42:59.099688+00:00
T00481,PAYROLL,41629.68,TRANSFER,2026-09-08T01:42:59.099688+00:00
T00482,OPERATING,112582.73,AP,2026-09-06T01:42:59.099688+00:00
T00483,CAPITAL,-19701.3,FEE,2026-09-04T01:42:59.099688+00:00
T00484,PAYROLL,-32161.61,AR,2026-09-27T01:42:59.099688+00:00
T00485,PAYROLL,77543.02,FEE,2026-09-16T01:42:59.099688+00:00
T00486,PAYROLL,72621.68,FEE,2026-08-20T01:42:59.099688+00:00
T00487,CAPITAL,95552.05,FEE,2026-08-27T01:42:59.099688+00:00
T00488,PAYROLL,47167.17,FEE,2026-09-04T01:42:59.099688+00:00
T00489,OPERATING,6829.25,FEE,2026-09-12T01:42:59.099688+00:00
T00490,OPERATING,65467.51,FEE,2026-08-29T01:42:59.099688+00:00
T00491,PAYROLL,4389.34,FEE,2026-08-23T01:42:59.099688+00:00
T00492,CAPITAL,84824.34,AR,2026-09-13T01:42:59.099688+00:00
T00493,PAYROLL,62101.28,TRANSFER,2026-08-20T01:42:59.099688+00:00
T00494,PAYROLL,100241.47,TRANSFER,2026-08-22T01:42:59.099688+00:00
T00495,PAYROLL,-18386.72,TRANSFER,2026-09-22T01:42:59.099688+00:00
T00496,PAYROLL,4889.58,AP,2026-09-02T01:42:59.099688+00:00
T00497,OPERATING,-21898.77,AR,2026-09-12T01:42:59.099688+00:00
T00498,CAPITAL,28784.88,FEE,2026-09-22T01:42:59.099688+00:00
T00499,CAPITAL,11366.36,AP,2026-08-17T01:42:59.099688+00:00
T00500,PAYROLL,97268.1,FEE,2026-09-23T01:42:59.099688+00:00
T00501,PAYROLL,-10416.23,AR,2026-09-06T01:42:59.099688+00:00
T00502,CAPITAL,29408.99,TRANSFER,2026-09-14T01:42:59.099688+00:00
T00503,CAPITAL,20122.09,AR,2026-09-28T01:42:59.099688+00:00
T00504,OPERATING,29511.22,AP,2026-08-18T01:42:59.099688+00:00
T00505,CAPITAL,45767.47,TRANSFER,2026-09-11T01:42:59.099688+00:00
T00506,OPERATING,95693.84,TRANSFER,2026-09-09T01:42:59.099688+00:00
T00507,PAYROLL,85157.36,AR,2026-09-26T01:42:59.099688+00:00
T00508,CAPITAL,14842.29,AR,2026-09-04T01:42:59.099688+00:00
T00509,PAYROLL,39891.8,FEE,2026-09-16T01:42:59.099688+00:00
T00510,CAPITAL,103896.76,AP,2026-08-23T01:42:59.099688+00:00
T00511,PAYROLL,-37293.93,TRANSFER,2026-08-31T01:42:59.099688+00:00
T00512,OPERATING,24000.82,AP,2026-09-09T01:42:59.099688+00:00
T00513,OPERATING,116333.01,FEE,2026-09-11T01:42:59.099688+00:00
T00514,OPERATING,66858.74,TRANSFER,2026-09-11T01:42:59.099688+00:00
T00515,OPERATING,115065.56,AR,2026-09-22T01:42:59.099688+00:00
T00516,PAYROLL,28833.6,AP,2026-08-22T01:42:59.099688+00:00
T00517,PAYROLL,107788.49,AP,2026-09-03T01:42:59.099688+00:00
T00518,OPERATING,9987.4,FEE,2026-09-25T01:42:59.099688+00:00
T00519,PAYROLL,37444.45,AR,2026-09-16T01:42:59.099688+00:00
T00520,OPERATING,-38323.05,TRANSFER,2026-09-01T01:42:59.099688+00:00
T00521,PAYROLL,-45193.0,FEE,2026-09-21T01:42:59.099688+00:00
T00522,OPERATING,82746.33,FEE,2026-08-21T01:42:59.099688+00:00
T00523,OPERATING,60372.65,AR,2026-09-16T01:42:59.099688+00:00
T00524,OPERATING,13334.12,AP,2026-09-20T01:42:59.099688+00:00
T00525,OPERATING,24348.53,AP,2026-09-23T01:42:59.099688+00:00
T00526,OPERATING,49704.35,TRANSFER,2026-09-23T01:42:59.099688+00:00
T00527,CAPITAL,113771.18,TRANSFER,2026-08-30T01:42:59.099688+00:00
T00528,OPERATING,82036.37,FEE,2026-09-18T01:42:59.099688+00:00
T00529,CAPITAL,63753.34,TRANSFER,2026-09-01T01:42:59.099688+00:00
T00530,PAYROLL,68265.25,FEE,2026-09-16T01:42:59.099688+00:00
T00531,CAPITAL,77824.42,FEE,2026-09-24T01:42:59.099688+00:00
T00532,OPERATING,84800.34,FEE,2026-09-01T01:42:59.099688+00:00
T00533,PAYROLL,52927.47,FEE,2026-09-12T01:42:59.099688+00:00
T00534,CAPITAL,18452.94,FEE,2026-08-30T01:42:59.099688+00:00
T00535,CAPITAL,30171.63,AP,2026-09-02T01:42:59.099688+00:00
T00536,PAYROLL,-26892.6,AP,2026-08-17T01:42:59.099688+00:00
T00537,OPERATING,-472.56,FEE,2026-08-30T01:42:59.099688+00:00
T00538,PAYROLL,82718.62,AR,2026-09-17T01:42:59.099688+00:00
T00539,PAYROLL,74638.93,AR,2026-09-08T01:42:59.099688+00:00
T00540,OPERATING,-24754.08,AR,2026-08-16T01:42:59.099688+00:00
T00541,PAYROLL,14168.02,AR,2026-09-27T01:42:59.099688+00:00
T00542,PAYROLL,-35208.96,TRANSFER,2026-08-19T01:42:59.099688+00:00
T00543,OPERATING,3039.66,AP,2026-08-23T01:42:59.099688+00:00
T00544,CAPITAL,-47951.0,AR,2026-08-29T01:42:59.099688+00:00
T00545,PAYROLL,-12662.52,AP,2026-09-23T01:42:59.099688+00:00
T00546,CAPITAL,-35464.78,FEE,2026-09-13T01:42:59.099688+00:00
T00547,OPERATING,-32627.18,AR,2026-09-19T01:42:59.099688+00:00
T00548,OPERATING,36030.88,AP,2026-09-04T01:42:59.099688+00:00
T00549,CAPITAL,25326.45,FEE,2026-09-01T01:42:59.099688+00:00
T00550,PAYROLL,55076.6,FEE,2026-08-21T01:42:59.099688+00:00
T00551,OPERATING,87892.58,TRANSFER,2026-08-16T01:42:59.099688+00:00
T00552,CAPITAL,-12964.94,FEE,2026-08-21T01:42:59.099688+00:00
T00553,CAPITAL,-8329.61,AR,2026-09-17T01:42:59.099688+00:00
T00554,OPERATING,64020.67,AR,2026-08-26T01:42:59.099688+00:00
T00555,PAYROLL,-2806.85,TRANSFER,2026-09-15T01:42:59.099688+00:00
T00556,PAYROLL,48759.12,AP,2026-09-18T01:42:59.099688+00:00
T00557,PAYROLL,24688.43,FEE,2026-08-17T01:42:59.099688+00:00
T00558,CAPITAL,8167.39,FEE,2026-08-29T01:42:59.099688+00:00
T00559,PAYROLL,36254.7,AP,2026-09-21T01:42:59.099688+00:00
T00560,CAPITAL,63376.45,AR,2026-08-21T01:42:59.099688+00:00
T00561,PAYROLL,-22922.98,TRANSFER,2026-09-13T01:42:59.099688+00:00
T00562,OPERATING,3597.4,AP,2026-09-28T01:42:59.099688+00:00
T00563,OPERATING,40347.2,AR,2026-09-11T01:42:59.099688+00:00
T00564,OPERATING,64614.52,AR,2026-09-22T01:42:59.099688+00:00
T00565,CAPITAL,15902.7,AR,2026-09-15T01:42:59.099688+00:00
T00566,CAPITAL,80727.14,TRANSFER,2026-09-21T01:42:59.099688+00:00
T00567,OPERATING,17379.97,AR,2026-09-24T01:42:59.099688+00:00
T00568,PAYROLL,39220.05,FEE,2026-09-09T01:42:59.099688+00:00
T00569,CAPITAL,25676.38,FEE,2026-09-15T01:42:59.099688+00:00
T00570,OPERATING,-49056.98,FEE,2026-09-27T01:42:59.099688+00:00
T00571,PAYROLL,43074.46,AP,2026-09-11T01:42:59.099688+00:00
T00572,OPERATING,81983.17,TRANSFER,2026-09-02T01:42:59.099688+00:00
T00573,CAPITAL,6360.33,FEE,2026-09-06T01:42:59.099688+00:00
T00574,CAPITAL,-39856.37,AP,2026-08-31T01:42:59.099688+00:00
T00575,OPERATING,83416.85,AP,2026-09-05T01:42:59.099688+00:00
T00576,PAYROLL,65361.3,TRANSFER,2026-09-10T01:42:59.099688+00:00
T00577,CAPITAL,59070.87,FEE,2026-09-08T01:42:59.099688+00:00
T00578,CAPITAL,-22501.49,FEE,2026-08-31T01:42:59.099688+00:00
T00579,PAYROLL,6535.64,AR,2026-09-24T01:42:59.099688+00:00
T00580,PAYROLL,100356.85,TRANSFER,2026-09-03T01:42:59.099688+00:00
T00581,OPERATING,-33403.33,FEE,2026-09-05T01:42:59.099688+00:00
T00582,OPERATING,-36856.01,AR,2026-08-16T01:42:59.099688+00:00
T00583,OPERATING,39372.46,FEE,2026-09-23T01:42:59.099688+00:00
T00584,CAPITAL,-35802.56,TRANSFER,2026-08-29T01:42:59.099688+00:00
T00585,PAYROLL,56297.5,AP,2026-08-26T01:42:59.099688+00:00
T00586,OPERATING,110399.0,FEE,2026-09-24T01:42:59.099688+00:00
T00587,CAPITAL,48975.69,FEE,2026-08-29T01:42:59.099688+00:00
T00588,CAPITAL,70607.63,TRANSFER,2026-09-03T01:42:59.099688+00:00
T00589,PAYROLL,50752.88,FEE,2026-09-24T01:42:59.099688+00:00
T00590,OPERATING,-15834.64,FEE,2026-09-01T01:42:59.099688+00:00
T00591,CAPITAL,108738.11,FEE,2026-09-07T01:42:59.099688+00:00
T00592,CAPITAL,-46816.95,TRANSFER,2026-09-22T01:42:59.099688+00:00
T00593,CAPITAL,-447.48,FEE,2026-09-24T01:42:59.099688+00:00
T00594,PAYROLL,-20024.36,AR,2026-09-26T01:42:59.099688+00:00
T00595,OPERATING,-13828.78,AP,2026-08-19T01:42:59.099688+00:00
T00596,CAPITAL,31207.18,FEE,2026-09-27T01:42:59.099688+00:00
T00597,PAYROLL,-9320.48,FEE,2026-09-05T01:42:59.099688+00:00
T00598,PAYROLL,-19942.7,FEE,2026-08-17T01:42:59.099688+00:00
T00599,PAYROLL,-34643.14,AR,2026-09-26T01:42:59.099688+00:00
T00600,CAPITAL,-31494.2,AR,2026-08-29T01:42:59.099688+00:00
T00601,CAPITAL,75998.67,AP,2026-09-24T01:42:59.099688+00:00
T00602,PAYROLL,113440.74,TRANSFER,2026-09-03T01:42:59.099688+00:00
T00603,PAYROLL,4328.81,AP,2026-08-29T01:42:59.099688+00:00
T00604,OPERATING,52177.43,FEE,2026-09-02T01:42:59.099688+00:00
T00605,PAYROLL,-28339.38,TRANSFER,2026-09-18T01:42:59.099688+00:00
T00606,OPERATING,111401.99,AP,2026-08-17T01:42:59.099688+00:00
T00607,CAPITAL,-49068.41,AP,2026-09-28T01:42:59.099688+00:00
T00608,CAPITAL,7553.83,AP,2026-09-10T01:42:59.099688+00:00
T00609,PAYROLL,100222.49,AP,2026-09-11T01:42:59.099688+00:00
T00610,PAYROLL,106918.6,AP,2026-09-13T01:42:59.099688+00:00
T00611,PAYROLL,-41975.24,FEE,2026-09-22T01:42:59.099688+00:00
T00612,OPERATING,101150.52,FEE,2026-08-24T01:42:59.099688+00:00
T00613,CAPITAL,-42521.14,TRANSFER,2026-08-25T01:42:59.099688+00:00
T00614,PAYROLL,94280.9,AR,2026-08-21T01:42:59.099688+00:00
T00615,OPERATING,5712.94,FEE,2026-09-07T01:42:59.099688+00:00
T00616,PAYROLL,27254.26,FEE,2026-09-12T01:42:59.099688+00:00
T00617,PAYROLL,98616.39,FEE,2026-09-18T01:42:59.099688+00:00
T00618,CAPITAL,56100.12,AR,2026-09-20T01:42:59.099688+00:00
T00619,PAYROLL,24393.59,TRANSFER,2026-09-19T01:42:59.099688+00:00
T00620,OPERATING,-31046.49,AR,2026-09-28T01:42:59.099688+00:00
T00621,PAYROLL,67699.54,TRANSFER,2026-09-20T01:42:59.099688+00:00
T00622,OPERATING,63763.4,AP,2026-09-09T01:42:59.099688+00:00
T00623,CAPITAL,-23675.28,AR,2026-08-21T01:42:59.099688+00:00
T00624,PAYROLL,80716.24,FEE,2026-09-23T01:42:59.099688+00:00
T00625,CAPITAL,1670.93,AR,2026-08-30T01:42:59.099688+00:00
T00626,CAPITAL,-49096.19,AR,2026-08-18T01:42:59.099688+00:00
T00627,CAPITAL,13673.09,TRANSFER,2026-08-20T01:42:59.099688+00:00
T00628,OPERATING,-36426.47,AR,2026-09-28T01:42:59.099688+00:00
T00629,CAPITAL,76294.41,AR,2026-08-17T01:42:59.099688+00:00
T00630,OPERATING,106922.93,TRANSFER,2026-09-25T01:42:59.099688+00:00
T00631,PAYROLL,-23300.85,AR,2026-08-16T01:42:59.099688+00:00
T00632,PAYROLL,45282.15,AP,2026-09-15T01:42:59.099688+00:00
T00633,OPERATING,8113.15,TRANSFER,2026-09-25T01:42:59.099688+00:00
T00634,PAYROLL,111590.13,AP,2026-08-24T01:42:59.099688+00:00
T00635,PAYROLL,-15083.37,AR,2026-09-18T01:42:59.099688+00:00
T00636,OPERATING,-15167.45,TRANSFER,2026-09-14T01:42:59.099688+00:00
T00637,OPERATING,90352.14,TRANSFER,2026-09-03T01:42:59.099688+00:00
T00638,PAYROLL,75576.87,AR,2026-09-20T01:42:59.099688+00:00
T00639,OPERATING,66930.21,FEE,2026-09-13T01:42:59.099688+00:00
T00640,CAPITAL,64317.64,TRANSFER,2026-09-16T01:42:59.099688+00:00
T00641,CAPITAL,30948.08,AP,2026-09-26T01:42:59.099688+00:00
T00642,CAPITAL,56668.4,AP,2026-09-24T01:42:59.099688+00:00
T00643,PAYROLL,108429.33,AR,2026-09-17T01:42:59.099688+00:00
T00644,CAPITAL,38217.38,FEE,2026-09-27T01:42:59.099688+00:00
T00645,CAPITAL,-2408.12,AP,2026-09-22T01:42:59.099688+00:00
T00646,CAPITAL,-5215.08,TRANSFER,2026-09-26T01:42:59.099688+00:00
T00647,PAYROLL,49883.89,AP,2026-08-19T01:42:59.099688+00:00
T00648,CAPITAL,65341.03,TRANSFER,2026-08-31T01:42:59.099688+00:00
T00649,OPERATING,92826.02,FEE,2026-09-23T01:42:59.099688+00:00
T00650,OPERATING,99118.88,AP,2026-09-11T01:42:59.099688+00:00
T00651,PAYROLL,16760.05,FEE,2026-09-20T01:42:59.099688+00:00
T00652,OPERATING,59303.07,FEE,2026-09-06T01:42:59.099688+00:00
T00653,CAPITAL,108120.48,FEE,2026-09-13T01:42:59.099688+00:00
T00654,PAYROLL,-8857.33,FEE,2026-09-20T01:42:59.099688+00:00
T00655,CAPITAL,87499.5,AR,2026-09-07T01:42:59.099688+00:00
T00656,OPERATING,-48427.35,AP,2026-09-05T01:42:59.099688+00:00
T00657,PAYROLL,85547.13,FEE,2026-09-04T01:42:59.099688+00:00
T00658,PAYROLL,-4680.56,FEE,2026-09-19T01:42:59.099688+00:00
T00659,CAPITAL,10611.12,AR,2026-09-17T01:42:59.099688+00:00
T00660,CAPITAL,-28063.48,AR,2026-09-24T01:42:59.099688+00:00
T00661,OPERATING,-2187.19,AP,2026-09-29T01:42:59.099688+00:00
T00662,PAYROLL,34399.21,AP,2026-08-20T01:42:59.099688+00:00
T00663,PAYROLL,-23549.66,AP,2026-08-24T01:42:59.099688+00:00
T00664,OPERATING,-3997.41,AR,2026-09-24T01:42:59.099688+00:00
T00665,CAPITAL,-3464.68,FEE,2026-09-11T01:42:59.099688+00:00
T00666,OPERATING,-43540.15,TRANSFER,2026-09-01T01:42:59.099688+00:00
T00667,PAYROLL,114221.76,TRANSFER,2026-08-18T01:42:59.099688+00:00
T00668,PAYROLL,-41656.62,AP,2026-09-24T01:42:59.099688+00:00
T00669,CAPITAL,21214.2,FEE,2026-09-03T01:42:59.099688+00:00
T00670,CAPITAL,-43201.84,AR,2026-08-30T01:42:59.099688+00:00
T00671,CAPITAL,71101.97,FEE,2026-09-21T01:42:59.099688+00:00
T00672,CAPITAL,-2169.46,TRANSFER,2026-09-01T01:42:59.099688+00:00
T00673,CAPITAL,81370.36,AP,2026-09-04T01:42:59.099688+00:00
T00674,OPERATING,44706.61,AP,2026-09-24T01:42:59.099688+00:00
T00675,OPERATING,85976.44,TRANSFER,2026-08-22T01:42:59.099688+00:00
T00676,OPERATING,-42363.93,TRANSFER,2026-08-27T01:42:59.099688+00:00
T00677,PAYROLL,55446.48,AR,2026-09-19T01:42:59.099688+00:00
T00678,CAPITAL,66943.75,AP,2026-08-30T01:42:59.099688+00:00
T00679,OPERATING,-2857.67,AP,2026-09-09T01:42:59.099688+00:00
T00680,PAYROLL,-21508.08,AP,2026-08-28T01:42:59.099688+00:00
T00681,OPERATING,47326.54,AR,2026-08-16T01:42:59.099688+00:00
T00682,PAYROLL,22559.03,AR,2026-09-29T01:42:59.099688+00:00
T00683,CAPITAL,60021.91,AR,2026-08-29T01:42:59.099688+00:00
T00684,OPERATING,8340.82,AP,2026-09-24T01:42:59.099688+00:00
T00685,OPERATING,10166.39,FEE,2026-08-22T01:42:59.099688+00:00
T00686,OPERATING,114146.44,FEE,2026-09-14T01:42:59.099688+00:00
T00687,CAPITAL,21234.86,FEE,2026-09-06T01:42:59.099688+00:00
T00688,PAYROLL,-48458.46,AR,2026-09-03T01:42:59.099688+00:00
T00689,CAPITAL,72586.07,AR,2026-09-23T01:42:59.099688+00:00
T00690,OPERATING,-14509.2,TRANSFER,2026-08-25T01:42:59.099688+00:00
T00691,OPERATING,83353.0,FEE,2026-08-21T01:42:59.099688+00:00
T00692,PAYROLL,-38872.7,TRANSFER,2026-08-18T01:42:59.099688+00:00
T00693,OPERATING,80957.43,TRANSFER,2026-09-17T01:42:59.099688+00:00
T00694,PAYROLL,21425.07,AR,2026-09-15T01:42:59.099688+00:00
T00695,OPERATING,34415.88,TRANSFER,2026-09-26T01:42:59.099688+00:00
T00696,PAYROLL,5894.68,AR,2026-09-08T01:42:59.099688+00:00
T00697,PAYROLL,10423.52,TRANSFER,2026-09-06T01:42:59.099688+00:00
T00698,OPERATING,50797.57,AP,2026-09-01T01:42:59.099688+00:00
T00699,OPERATING,12062.76,TRANSFER,2026-09-04T01:42:59.099688+00:00
T00700,CAPITAL,115167.25,TRANSFER,2026-08-18T01:42:59.099688+00:00
T00701,PAYROLL,-43497.66,FEE,2026-09-15T01:42:59.099688+00:00
T00702,CAPITAL,103701.34,AP,2026-09-12T01:42:59.099688+00:00
T00703,OPERATING,3447.2,AR,2026-08-19T01:42:59.099688+00:00
T00704,CAPITAL,-27745.92,TRANSFER,2026-08-18T01:42:59.099688+00:00
T00705,OPERATING,44239.06,TRANSFER,2026-09-08T01:42:59.099688+00:00
T00706,PAYROLL,81712.99,TRANSFER,2026-09-12T01:42:59.099688+00:00
T00707,OPERATING,23911.48,TRANSFER,2026-09-29T01:42:59.099688+00:00
T00708,PAYROLL,105668.85,TRANSFER,2026-09-20T01:42:59.099688+00:00
T00709,CAPITAL,62992.35,TRANSFER,2026-09-07T01:42:59.099688+00:00
T00710,OPERATING,2179.48,AP,2026-08-30T01:42:59.099688+00:00
T00711,PAYROLL,24648.52,FEE,2026-09-06T01:42:59.099688+00:00
T00712,CAPITAL,-2023.67,AP,2026-09-10T01:42:59.099688+00:00
T00713,OPERATING,-43733.9,AR,2026-08-23T01:42:59.099688+00:00
T00714,OPERATING,27570.84,AP,2026-09-01T01:42:59.099688+00:00
T00715,PAYROLL,107112.87,AP,2026-08-25T01:42:59.099688+00:00
T00716,OPERATING,106988.24,AP,2026-09-20T01:42:59.099688+00:00
T00717,CAPITAL,81955.73,TRANSFER,2026-08-26T01:42:59.099688+00:00
T00718,CAPITAL,98926.45,FEE,2026-08-29T01:42:59.099688+00:00
T00719,CAPITAL,39265.04,FEE,2026-09-02T01:42:59.099688+00:00
T00720,CAPITAL,-5174.48,FEE,2026-09-21T01:42:59.099688+00:00
T00721,CAPITAL,63762.34,TRANSFER,2026-09-07T01:42:59.099688+00:00
T00722,OPERATING,77005.7,TRANSFER,2026-09-11T01:42:59.099688+00:00
T00723,OPERATING,10234.06,AR,2026-09-23T01:42:59.099688+00:00
T00724,CAPITAL,59914.26,AR,2026-09-14T01:42:59.099688+00:00
T00725,PAYROLL,59022.18,FEE,2026-09-09T01:42:59.099688+00:00
T00726,OPERATING,84914.66,FEE,2026-09-18T01:42:59.099688+00:00
T00727,OPERATING,32357.42,TRANSFER,2026-08-17T01:42:59.099688+00:00
T00728,PAYROLL,-15240.0,AR,2026-09-18T01:42:59.099688+00:00
T00729,OPERATING,1002.06,TRANSFER,2026-08-18T01:42:59.099688+00:00
T00730,CAPITAL,-1195.54,TRANSFER,2026-08-20T01:42:59.099688+00:00
T00731,OPERATING,28756.2,AR,2026-09-24T01:42:59.099688+00:00
T00732,OPERATING,56447.44,AP,2026-09-11T01:42:59.099688+00:00
T00733,CAPITAL,105387.56,TRANSFER,2026-08-23T01:42:59.099688+00:00
T00734,OPERATING,38345.5,FEE,2026-09-01T01:42:59.099688+00:00
T00735,PAYROLL,19140.21,AR,2026-08-20T01:42:59.099688+00:00
T00736,PAYROLL,87129.86,FEE,2026-08-17T01:42:59.099688+00:00
T00737,OPERATING,-23960.59,TRANSFER,2026-08-26T01:42:59.099688+00:00
T00738,CAPITAL,103641.48,TRANSFER,2026-08-29T01:42:59.099688+00:00
T00739,OPERATING,-20335.14,AP,2026-09-24T01:42:59.099688+00:00
T00740,PAYROLL,-31554.24,AP,2026-09-20T01:42:59.099688+00:00
T00741,CAPITAL,-9354.15,TRANSFER,2026-08-23T01:42:59.099688+00:00
T00742,PAYROLL,-26614.84,TRANSFER,2026-08-30T01:42:59.099688+00:00
T00743,CAPITAL,88314.58,FEE,2026-09-21T01:42:59.099688+00:00
T00744,OPERATING,33082.7,TRANSFER,2026-09-04T01:42:59.099688+00:00
T00745,PAYROLL,12805.83,AR,2026-09-14T01:42:59.099688+00:00
T00746,PAYROLL,73658.16,AR,2026-08-24T01:42:59.099688+00:00
T00747,OPERATING,112774.98,AR,2026-08-21T01:42:59.099688+00:00
T00748,PAYROLL,42410.42,AP,2026-08-18T01:42:59.099688+00:00
T00749,PAYROLL,25490.02,TRANSFER,2026-09-11T01:42:59.099688+00:00
T00750,OPERATING,69822.27,AP,2026-08-30T01:42:59.099688+00:00
T00751,OPERATING,89928.3,AP,2026-08-31T01:42:59.099688+00:00
T00752,CAPITAL,52891.76,AR,2026-09-15T01:42:59.099688+00:00
T00753,PAYROLL,98164.22,AP,2026-09-26T01:42:59.099688+00:00
T00754,PAYROLL,42718.82,AP,2026-08-25T01:42:59.099688+00:00
T00755,CAPITAL,6130.13,AP,2026-08-19T01:42:59.099688+00:00
T00756,PAYROLL,9857.65,AP,2026-09-02T01:42:59.099688+00:00
T00757,CAPITAL,81569.23,TRANSFER,2026-09-27T01:42:59.099688+00:00
T00758,OPERATING,-37968.94,TRANSFER,2026-09-16T01:42:59.099688+00:00
T00759,OPERATING,-24443.11,TRANSFER,2026-08-17T01:42:59.099688+00:00
T00760,CAPITAL,-14674.08,AP,2026-09-10T01:42:59.099688+00:00
T00761,PAYROLL,19455.52,TRANSFER,2026-09-11T01:42:59.099688+00:00
T00762,OPERATING,60345.46,AP,2026-09-24T01:42:59.099688+00:00
T00763,CAPITAL,86980.59,AR,2026-08-25T01:42:59.099688+00:00
T00764,OPERATING,-31939.4,FEE,2026-09-24T01:42:59.099688+00:00
T00765,PAYROLL,-1178.23,AP,2026-09-19T01:42:59.099688+00:00
T00766,CAPITAL,58970.97,AR,2026-09-16T01:42:59.099688+00:00
T00767,PAYROLL,-43444.71,FEE,2026-09-06T01:42:59.099688+00:00
T00768,CAPITAL,106160.63,FEE,2026-09-16T01:42:59.099688+00:00
T00769,CAPITAL,86358.12,FEE,2026-09-19T01:42:59.099688+00:00
T00770,CAPITAL,-24493.71,FEE,2026-09-16T01:42:59.099688+00:00
T00771,OPERATING,103757.06,AP,2026-08-29T01:42:59.099688+00:00
T00772,CAPITAL,-3673.62,FEE,2026-08-29T01:42:59.099688+00:00
T00773,CAPITAL,52103.57,AR,2026-09-01T01:42:59.099688+00:00
T00774,CAPITAL,107652.85,FEE,2026-09-08T01:42:59.099688+00:00
T00775,OPERATING,111995.78,TRANSFER,2026-09-17T01:42:59.099688+00:00
T00776,PAYROLL,93152.96,AP,2026-08-25T01:42:59.099688+00:00
T00777,OPERATING,82302.57,AP,2026-09-25T01:42:59.099688+00:00
T00778,PAYROLL,28045.99,FEE,2026-09-25T01:42:59.099688+00:00
T00779,CAPITAL,68235.97,FEE,2026-08-21T01:42:59.099688+00:00
T00780,PAYROLL,113728.04,TRANSFER,2026-09-11T01:42:59.099688+00:00
T00781,OPERATING,-45669.85,FEE,2026-09-29T01:42:59.099688+00:00
T00782,PAYROLL,109347.09,FEE,2026-09-18T01:42:59.099688+00:00
T00783,OPERATING,-32913.63,AR,2026-09-12T01:42:59.099688+00:00
T00784,PAYROLL,114388.66,AR,2026-08-23T01:42:59.099688+00:00
T00785,PAYROLL,-9528.18,TRANSFER,2026-08-28T01:42:59.099688+00:00
T00786,PAYROLL,907.31,FEE,2026-09-27T01:42:59.099688+00:00
T00787,CAPITAL,88151.19,TRANSFER,2026-09-18T01:42:59.099688+00:00
T00788,OPERATING,2404.17,TRANSFER,2026-09-21T01:42:59.099688+00:00
T00789,CAPITAL,85412.47,AP,2026-09-26T01:42:59.099688+00:00
T00790,CAPITAL,-38568.78,AP,2026-09-02T01:42:59.099688+00:00
T00791,OPERATING,75330.94,AP,2026-09-25T01:42:59.099688+00:00
T00792,PAYROLL,85327.88,AP,2026-09-14T01:42:59.099688+00:00
T00793,PAYROLL,106814.04,FEE,2026-08-22T01:42:59.099688+00:00
T00794,PAYROLL,-5559.3,TRANSFER,2026-08-29T01:42:59.099688+00:00
T00795,PAYROLL,75507.35,TRANSFER,2026-09-28T01:42:59.099688+00:00
T00796,CAPITAL,61449.74,FEE,2026-09-07T01:42:59.099688+00:00
T00797,PAYROLL,79977.7,TRANSFER,2026-09-02T01:42:59.099688+00:00
T00798,CAPITAL,-17599.55,AR,2026-09-17T01:42:59.099688+00:00
T00799,PAYROLL,117440.51,AR,2026-08-29T01:42:59.099688+00:00
